sentence,label,score
Megan's take aways from user testing: Meison was pretty engaged with his ideas of this controllable vehicle that could dive and maneuver in the water and shoot things. ,positive,0.4623938202857971
"He noted how tiny it was and kind of went off on his descriptions of a mostly submarine type toy that could lower and come out of water, and really expressed wanting electric components (and brought up the multi tool/multi functional idea again). ",neutral,0.4402737617492676
NEW DIRECTION: rc submarine that can take on water with waterproof DC motors/batteries. ,neutral,0.5682072043418884
"LEARNING GOALS: circuitry, physics (buoyancy/archimedes principle, propulsion) mechanics, energy  structure/history of submarines  took apart a remote control car to understand how it worked mechanically  initial connection of circuitry with makeshift battery holder feat. ",neutral,0.6164142489433289
